"slug","canonical_key","title","starts_at","ends_at","location_name","address","city","url","image_url","category","audience","price","status","source","source_id","source_url","dedupe_key","description","tags","accessibility","raw_categories","raw_target_audience","raw_accessibility","latitude","longitude","venue_url","venue_contact","venue_extra_info","venue_schedule","venue_category","venue_district","venue_accessibility","venue_tags","rescue_reason"
"lisboa-secreta-parade-bagpipes-st-patricks-day-lisbon","more-than-500-bagpipers-will-invade-avenida-da-liberdade-the-biggest-st-patrick-s-day-ever-comes-to-lisbon","More than 500 bagpipers will invade Avenida da Liberdade: the biggest St. Patrick’s Day ever comes to Lisbon","","","","","Lisbon","https://lisboasecreta.co/en/parade-bagpipes-st-patricks-day-lisbon/","https://offloadmedia.feverup.com/lisboasecreta.co/wp-content/uploads/2026/03/13095029/desfile-de-st.-patricks-em-lisboa-%40desfilesaopatriciolisboa-_3.jpg","","","","approved","lisboa_secreta","parade-bagpipes-st-patricks-day-lisbon","https://lisboasecreta.co/en/parade-bagpipes-st-patricks-day-lisbon/","9a52c1425558e6c0df78a1071392c57cc803ea91","The 3rd edition of the Irish festival has grown and now lasts three days, with downtown Lisbon hosting 15 bands, a big concert in Rossio, and a Guinness panoramic bus leading the parade.","","","","","","","","","","","","","","","","missing_starts_at"
"lisboa-secreta-lisbon-coffee-week-2026-en","with-over-30-activities-and-latte-art-workshops-the-country-s-largest-coffee-festival-is-coming-to-lisbon","With over 30 activities and latte art workshops, the country’s largest coffee festival is coming to Lisbon.","","","","","Lisbon","https://lisboasecreta.co/en/lisbon-coffee-week-2026-en/","https://offloadmedia.feverup.com/lisboasecreta.co/wp-content/uploads/2026/03/10170537/Lisbon-Coffee-Week-%C2%A9-DR-_2.jpg","","","","approved","lisboa_secreta","lisbon-coffee-week-2026-en","https://lisboasecreta.co/en/lisbon-coffee-week-2026-en/","8f1be525e175227916f2877a0c66becfa3342fcc","With unlimited coffee tastings, Coffee Week will ""flood"" Lisbon with the aroma of this precious bean: tickets are already on sale starting at €10.","","","","","","","","","","","","","","","","missing_starts_at"
"lisboa-secreta-franui-easter-eggs-lotus-natelier","franui-and-lotus-easter-eggs-nat-elier-combined-everything-into-a-pastel-de-nata-and-this-was-the-result","Franuí and Lotus Easter Eggs? Nat’elier combined everything into a pastel de nata, and this was the result","","","","","Lisbon","https://lisboasecreta.co/en/franui-easter-eggs-lotus-natelier/","https://offloadmedia.feverup.com/lisboasecreta.co/wp-content/uploads/2026/03/13181754/Natelier_Ovo-de-Pascoa-Franui-e-Ovo-de-Pascoa-Lotus.jpg","","","","approved","lisboa_secreta","franui-easter-eggs-lotus-natelier","https://lisboasecreta.co/en/franui-easter-eggs-lotus-natelier/","23ffe38e00c74f256ea574d569b163975b65cbce","Chef João Batalha has done it again, transforming the traditional Portuguese pastry into two Easter eggs with different flavors. Shall we take a look?","","","","","","","","","","","","","","","","missing_starts_at"
"lisboa-secreta-inigo-quintero-concert-in-lisbon","inigo-quintero-the-global-phenomenon-behind-si-no-estas-comes-to-lisbon-the-galician-star-will-perform-in-the-capital-later-this-month","Iñigo Quintero, the global phenomenon behind “Si No Estás,” comes to Lisbon: the Galician star will perform in the capital later this month.","","","","","Lisbon","https://lisboasecreta.co/en/inigo-quintero-concert-in-lisbon/","https://offloadmedia.feverup.com/lisboasecreta.co/wp-content/uploads/2026/03/12205125/inigo-quintero.jpg","","","","approved","lisboa_secreta","inigo-quintero-concert-in-lisbon","https://lisboasecreta.co/en/inigo-quintero-concert-in-lisbon/","5edf38eb12f82ddba34ac9bbf1cad3fff9d25a72","Iñigo Quintero brings the ""Si No Estás"" phenomenon to Lisbon! Find out everything about the concert at LAV, ticket prices, and what to expect from the Galician star.","","","","","","","","","","","","","","","","missing_starts_at"
"laaf-lisbon-art-antiques-fair-2","laaf-lisbon-art-and-antiques-fair-26","LAAF - Lisbon Art & Antiques Fair'26","","","","","Lisbon","https://www.visitlisboa.com/en/events","https://www.visitlisboa.com/rails/active_storage/representations/redirect/eyJfcmFpbHMiOnsiZGF0YSI6Mjk3NTgsInB1ciI6ImJsb2JfaWQifX0=--de7dba3cd5b103126a1b9411678404551f998b97/eyJfcmFpbHMiOnsiZGF0YSI6eyJmb3JtYXQiOiJqcGciLCJyZXNpemUiOiI1MTJ4NTEyXHUwMDNlIn0sInB1ciI6InZhcmlhdGlvbiJ9fQ==--0ba8b7f58340100b312280e63751a8a851d1f9fb/2025-LAAF-x-sem-data.jpg","Exhibitions","","","approved","visitlisboa","en/events/laaf-lisbon-art-antiques-fair-2","https://www.visitlisboa.com/en/events","7380cb1abee51c2cf5fc124d896082889623b80e","","","","","","","","","","","","","","","","","missing_starts_at"
"octopus-festival-ericeira","octopus-festival-ericeira","Octopus Festival | Ericeira","","","","","Lisbon","https://www.visitlisboa.com/en/events","https://www.visitlisboa.com/rails/active_storage/representations/redirect/eyJfcmFpbHMiOnsiZGF0YSI6MzY2NDcsInB1ciI6ImJsb2JfaWQifX0=--29aeb793c9de6941c058a7df4a8bc810e5062d95/eyJfcmFpbHMiOnsiZGF0YSI6eyJmb3JtYXQiOiJqcGciLCJyZXNpemUiOiI1MTJ4NTEyXHUwMDNlIn0sInB1ciI6InZhcmlhdGlvbiJ9fQ==--0ba8b7f58340100b312280e63751a8a851d1f9fb/gen-visit-lisboa-festival-do-polvo.jpg","Others","","","approved","visitlisboa","en/events/octopus-festival-ericeira","https://www.visitlisboa.com/en/events","8ec516d501be1da5153e7144a6ab97300c02c394","","","","","","","","","","","","","","","","","missing_starts_at"
"kulturfest-festival-of-german-expression-cultures-l","kulturfest-festival-of-german-expression-cultures-l","KULTURfest - Festival of German Expression Cultures l","","","","","Lisbon","https://www.visitlisboa.com/en/events","https://www.visitlisboa.com/rails/active_storage/representations/redirect/eyJfcmFpbHMiOnsiZGF0YSI6Mjk5NjUsInB1ciI6ImJsb2JfaWQifX0=--c0b1e58de8859b0a61e6fad701e9d4bc90d27ca9/eyJfcmFpbHMiOnsiZGF0YSI6eyJmb3JtYXQiOiJqcGciLCJyZXNpemUiOiI1MTJ4NTEyXHUwMDNlIn0sInB1ciI6InZhcmlhdGlvbiJ9fQ==--0ba8b7f58340100b312280e63751a8a851d1f9fb/Gen25_festival-kulturfest.jpg","May 2026 (to be confirmed)","","","approved","visitlisboa","en/events/kulturfest-festival-of-german-expression-cultures-l","https://www.visitlisboa.com/en/events","cac2fe1560d90aad818323a6fb7862b38dc5bffc","","","","","","","","","","","","","","","","","missing_starts_at"
"jardins-abertos","open-gardens","Open Gardens","","","","","Lisbon","https://www.visitlisboa.com/en/events","https://www.visitlisboa.com/rails/active_storage/representations/redirect/eyJfcmFpbHMiOnsiZGF0YSI6Mjk1NzMsInB1ciI6ImJsb2JfaWQifX0=--273e44a484b5e6d686da909cb76e2d85a6fd8867/eyJfcmFpbHMiOnsiZGF0YSI6eyJmb3JtYXQiOiJqcGciLCJyZXNpemUiOiI1MTJ4NTEyXHUwMDNlIn0sInB1ciI6InZhcmlhdGlvbiJ9fQ==--0ba8b7f58340100b312280e63751a8a851d1f9fb/Jardins-abertos-25-2.jpg","Exhibitions","","Free Entry","approved","visitlisboa","en/events/jardins-abertos","https://www.visitlisboa.com/en/events","8b1bf67895d000241109056293381353dc701afa","","","","","","","","","","","","","","","","","missing_starts_at"
"trezena-to-saint-anthony","trezena-to-saint-anthony","Trezena to Saint Anthony","","","","","Lisbon","https://www.visitlisboa.com/en/events","https://www.visitlisboa.com/rails/active_storage/representations/redirect/eyJfcmFpbHMiOnsiZGF0YSI6MzA1MjQsInB1ciI6ImJsb2JfaWQifX0=--5f532375d8bcbdc27267b36a7114e7a0682363fb/eyJfcmFpbHMiOnsiZGF0YSI6eyJmb3JtYXQiOiJqcGciLCJyZXNpemUiOiI1MTJ4NTEyXHUwMDNlIn0sInB1ciI6InZhcmlhdGlvbiJ9fQ==--0ba8b7f58340100b312280e63751a8a851d1f9fb/trezena.jpg","Music","","Free Entry","approved","visitlisboa","en/events/trezena-to-saint-anthony","https://www.visitlisboa.com/en/events","213be2f18a7864847652d3f56ac24af4c70eea7b","","","","","","","","","","","","","","","","","missing_starts_at"
"cineconchas","cineconchas-26","CineConchas'26","","","","","Lisbon","https://www.visitlisboa.com/en/events","https://www.visitlisboa.com/rails/active_storage/representations/redirect/eyJfcmFpbHMiOnsiZGF0YSI6MzEyMzUsInB1ciI6ImJsb2JfaWQifX0=--cf671365eb77ad3491a88c9eb6320de90f55afe3/eyJfcmFpbHMiOnsiZGF0YSI6eyJmb3JtYXQiOiJqcGciLCJyZXNpemUiOiI1MTJ4NTEyXHUwMDNlIn0sInB1ciI6InZhcmlhdGlvbiJ9fQ==--0ba8b7f58340100b312280e63751a8a851d1f9fb/Cine-Conchas.jpg","Cinema","","Free Entry","approved","visitlisboa","en/events/cineconchas_","https://www.visitlisboa.com/en/events","ac559283cb1a4f76b148aa77a4f38a4ef4dd3279","","","","","","","","","","","","","","","","","missing_starts_at"
"popular-marches-meo-arena","popular-marches-meo-arena","Popular Marches | MEO Arena","","","","","Lisbon","https://www.visitlisboa.com/en/events","https://www.visitlisboa.com/rails/active_storage/representations/redirect/eyJfcmFpbHMiOnsiZGF0YSI6MzAzMTEsInB1ciI6ImJsb2JfaWQifX0=--e20f6312798241fa0257c99753eefbc7e6905aea/eyJfcmFpbHMiOnsiZGF0YSI6eyJmb3JtYXQiOiJqcGciLCJyZXNpemUiOiI1MTJ4NTEyXHUwMDNlIn0sInB1ciI6InZhcmlhdGlvbiJ9fQ==--0ba8b7f58340100b312280e63751a8a851d1f9fb/Marchas-MEO.jpg","Others","","","approved","visitlisboa","en/events/popular-marches-meo-arena","https://www.visitlisboa.com/en/events","b5165616b7b833b0dc84ec681adb0dc7e12d8f48","","","","","","","","","","","","","","","","","missing_starts_at"
"lisbon-festivities-1","lisbon-festivities","Lisbon Festivities","","","","","Lisbon","https://www.visitlisboa.com/en/events","https://www.visitlisboa.com/rails/active_storage/representations/redirect/eyJfcmFpbHMiOnsiZGF0YSI6MzAzNjQsInB1ciI6ImJsb2JfaWQifX0=--f1e1d3a048ec1a5b8e363ee67a384033f2f42682/eyJfcmFpbHMiOnsiZGF0YSI6eyJmb3JtYXQiOiJqcGciLCJyZXNpemUiOiI1MTJ4NTEyXHUwMDNlIn0sInB1ciI6InZhcmlhdGlvbiJ9fQ==--0ba8b7f58340100b312280e63751a8a851d1f9fb/%23GEN_25_HP.jpg","Main Events","","Free Entry","approved","visitlisboa","en/events/lisbon-festivities-1","https://www.visitlisboa.com/en/events","b742486cbe91d8222a32d39e11ea33dbbc48e137","","","","","","","","","","","","","","","","","missing_starts_at"
"arraiais-populares-lisboa-on-the-street","arraiais-populares","Arraiais Populares","","","","","Lisbon","https://www.visitlisboa.com/en/events","https://www.visitlisboa.com/rails/active_storage/representations/redirect/eyJfcmFpbHMiOnsiZGF0YSI6MzAzMjMsInB1ciI6ImJsb2JfaWQifX0=--ad71b657f3add8d83778c7f91b8b9470cda465f6/eyJfcmFpbHMiOnsiZGF0YSI6eyJmb3JtYXQiOiJqcGciLCJyZXNpemUiOiI1MTJ4NTEyXHUwMDNlIn0sInB1ciI6InZhcmlhdGlvbiJ9fQ==--0ba8b7f58340100b312280e63751a8a851d1f9fb/Arraias-populares.jpg","Others","","Free Entry","approved","visitlisboa","en/events/arraiais-populares-lisboa-on-the-street","https://www.visitlisboa.com/en/events","8864a19ba6e272b4451bca0b296ca116822482c1","","","","","","","","","","","","","","","","","missing_starts_at"
"portuguese-surf-film-festival","portuguese-surf-film-festival","Portuguese Surf Film Festival","","","","","Lisbon","https://www.visitlisboa.com/en/events","https://www.visitlisboa.com/rails/active_storage/representations/redirect/eyJfcmFpbHMiOnsiZGF0YSI6MzEyNjksInB1ciI6ImJsb2JfaWQifX0=--714715c6a9100c5eb13a8b54bb22db09ab56a2f8/eyJfcmFpbHMiOnsiZGF0YSI6eyJmb3JtYXQiOiJqcGciLCJyZXNpemUiOiI1MTJ4NTEyXHUwMDNlIn0sInB1ciI6InZhcmlhdGlvbiJ9fQ==--0ba8b7f58340100b312280e63751a8a851d1f9fb/145-PSFF.jpg","Exhibitions","","From €5","approved","visitlisboa","en/events/portuguese-surf-film-festival","https://www.visitlisboa.com/en/events","da702f4a13481c024d53829b505a3c1321d6a28b","","","","","","","","","","","","","","","","","missing_starts_at"
"brunch-electronik-lisboa-l","brunch-electronik-lisboa-26","Brunch Electronik Lisboa'26","","","","","Lisbon","https://www.visitlisboa.com/en/events","https://www.visitlisboa.com/rails/active_storage/representations/redirect/eyJfcmFpbHMiOnsiZGF0YSI6MzAyNjQsInB1ciI6ImJsb2JfaWQifX0=--b90c26d6a7e33a1d66d3bb5ac11bf40dd592815d/eyJfcmFpbHMiOnsiZGF0YSI6eyJmb3JtYXQiOiJqcGciLCJyZXNpemUiOiI1MTJ4NTEyXHUwMDNlIn0sInB1ciI6InZhcmlhdGlvbiJ9fQ==--0ba8b7f58340100b312280e63751a8a851d1f9fb/GEN25-brunch-eletronik.jpg","Music","","","approved","visitlisboa","en/events/brunch-electronik-lisboa-l","https://www.visitlisboa.com/en/events","0f70553d2cad611112bf5a83848827cf395ffb7d","","","","","","","","","","","","","","","","","missing_starts_at"
"jazz-em-agosto-2","jazz-em-agosto-26","Jazz em Agosto'26","","","","","Lisbon","https://www.visitlisboa.com/en/events","https://www.visitlisboa.com/rails/active_storage/representations/redirect/eyJfcmFpbHMiOnsiZGF0YSI6Mjk2MzcsInB1ciI6ImJsb2JfaWQifX0=--0db564057d420abae3fd278bd9501dc75e6e6db8/eyJfcmFpbHMiOnsiZGF0YSI6eyJmb3JtYXQiOiJqcGciLCJyZXNpemUiOiI1MTJ4NTEyXHUwMDNlIn0sInB1ciI6InZhcmlhdGlvbiJ9fQ==--0ba8b7f58340100b312280e63751a8a851d1f9fb/JEA-GEN25.jpg","Main Events","","","approved","visitlisboa","en/events/jazz-em-agosto-2","https://www.visitlisboa.com/en/events","8001171b377d76f23ac138bf770768182ad8c338","","","","","","","","","","","","","","","","","missing_starts_at"
"festas-do-mar-cascais","festas-do-mar-cascais","Festas do Mar | Cascais","","","","","Lisbon","https://www.visitlisboa.com/en/events","https://www.visitlisboa.com/rails/active_storage/representations/redirect/eyJfcmFpbHMiOnsiZGF0YSI6MzE3NjIsInB1ciI6ImJsb2JfaWQifX0=--344ae5266db75d782ef98134a684d6b9e65c2ae9/eyJfcmFpbHMiOnsiZGF0YSI6eyJmb3JtYXQiOiJqcGciLCJyZXNpemUiOiI1MTJ4NTEyXHUwMDNlIn0sInB1ciI6InZhcmlhdGlvbiJ9fQ==--0ba8b7f58340100b312280e63751a8a851d1f9fb/cascais.jpg","Main Events","","","approved","visitlisboa","en/events/festas-do-mar-cascais","https://www.visitlisboa.com/en/events","a1b2659c57db42efc52ec2cb19aaf75690c5d6be","","","","","","","","","","","","","","","","","missing_starts_at"
"festas-do-barrete-verde-e-das-salinas","festas-do-barrete-verde-e-das-salinas-26","Festas do Barrete Verde e das Salinas'26","","","","","Lisbon","https://www.visitlisboa.com/en/events","https://www.visitlisboa.com/rails/active_storage/representations/redirect/eyJfcmFpbHMiOnsiZGF0YSI6MzE3MjcsInB1ciI6ImJsb2JfaWQifX0=--f7673b534325c5021ed3bd53298742a8f12921de/eyJfcmFpbHMiOnsiZGF0YSI6eyJmb3JtYXQiOiJqcGciLCJyZXNpemUiOiI1MTJ4NTEyXHUwMDNlIn0sInB1ciI6InZhcmlhdGlvbiJ9fQ==--0ba8b7f58340100b312280e63751a8a851d1f9fb/26-barrete-verde-and-salinas-festival.jpg","Festivals","","Free Entry","approved","visitlisboa","en/events/festas-do-barrete-verde-e-das-salinas_","https://www.visitlisboa.com/en/events","39a70ae3cace86898f8accdd6d8b944cbd20bf76","","","","","","","","","","","","","","","","","missing_starts_at"
"feira-da-luz-2","feira-da-luz","Feira da Luz","","","","","Lisbon","https://www.visitlisboa.com/en/events","https://www.visitlisboa.com/rails/active_storage/representations/redirect/eyJfcmFpbHMiOnsiZGF0YSI6MzU2MjMsInB1ciI6ImJsb2JfaWQifX0=--c818eb952c67ca098a9af9561e14261c94641c0e/eyJfcmFpbHMiOnsiZGF0YSI6eyJmb3JtYXQiOiJqcGciLCJyZXNpemUiOiI1MTJ4NTEyXHUwMDNlIn0sInB1ciI6InZhcmlhdGlvbiJ9fQ==--0ba8b7f58340100b312280e63751a8a851d1f9fb/2026-Feira-da-luz.jpg","Fairs","","Free Entry","approved","visitlisboa","en/events/feira-da-luz-2","https://www.visitlisboa.com/en/events","cf2e20051dfb4ac26ce13a38861770e78adede95","","","","","","","","","","","","","","","","","missing_starts_at"
"x-market","x-market","X Market","","","","","Lisbon","https://www.visitlisboa.com/en/events","https://www.visitlisboa.com/rails/active_storage/representations/redirect/eyJfcmFpbHMiOnsiZGF0YSI6MzU2ODIsInB1ciI6ImJsb2JfaWQifX0=--716d30c35d3e75e54095aecf1954cdff0a442b2f/eyJfcmFpbHMiOnsiZGF0YSI6eyJmb3JtYXQiOiJqcGciLCJyZXNpemUiOiI1MTJ4NTEyXHUwMDNlIn0sInB1ciI6InZhcmlhdGlvbiJ9fQ==--0ba8b7f58340100b312280e63751a8a851d1f9fb/X-Market-visit-lisboa-xira-2026.jpg","Fairs","","","approved","visitlisboa","en/events/x-market","https://www.visitlisboa.com/en/events","78097f6bd53ba9242a4e7bdd2705eae8a48efbcc","","","","","","","","","","","","","","","","","missing_starts_at"
"motelx-lisbon-international-horror-film-festival","motelx-lisbon-international-horror-film-festival","MOTELx - Lisbon International Horror Film Festival","","","","","Lisbon","https://www.visitlisboa.com/en/events","https://www.visitlisboa.com/rails/active_storage/representations/redirect/eyJfcmFpbHMiOnsiZGF0YSI6MzU2MjUsInB1ciI6ImJsb2JfaWQifX0=--7eec66bdac820cad27a4a7c24662ce1898a7acf4/eyJfcmFpbHMiOnsiZGF0YSI6eyJmb3JtYXQiOiJqcGciLCJyZXNpemUiOiI1MTJ4NTEyXHUwMDNlIn0sInB1ciI6InZhcmlhdGlvbiJ9fQ==--0ba8b7f58340100b312280e63751a8a851d1f9fb/2026-visit-lisboa-MOTELx-Festival-de-Cinema-de-Terror.jpg","Main Events","","","approved","visitlisboa","en/events/motelx-lisbon-international-horror-film-festival","https://www.visitlisboa.com/en/events","d67fdbd49013b9041fd8e721c91e605d922e622a","","","","","","","","","","","","","","","","","missing_starts_at"
"lisbon-arab-film-festival-laff","lisbon-arab-film-festival-laff","Lisbon Arab Film Festival (LAFF)","","","","","Lisbon","https://www.visitlisboa.com/en/events","https://www.visitlisboa.com/rails/active_storage/representations/redirect/eyJfcmFpbHMiOnsiZGF0YSI6MzQwMTMsInB1ciI6ImJsb2JfaWQifX0=--d9ab8ee3a5981af89458b50090a945c6f31a9927/eyJfcmFpbHMiOnsiZGF0YSI6eyJmb3JtYXQiOiJqcGciLCJyZXNpemUiOiI1MTJ4NTEyXHUwMDNlIn0sInB1ciI6InZhcmlhdGlvbiJ9fQ==--0ba8b7f58340100b312280e63751a8a851d1f9fb/LAFF_GEN25_2.jpg","Cinema","","","approved","visitlisboa","en/events/lisbon-arab-film-festival-laff_","https://www.visitlisboa.com/en/events","1d59332e08f785c033c87f548d4869a02f0bb2ea","","","","","","","","","","","","","","","","","missing_starts_at"
"mil-lisbon-international-music-network23","mil-lisbon-international-music-network-26","MIL - Lisbon International Music Network'26","","","","","Lisbon","https://www.visitlisboa.com/en/events","https://www.visitlisboa.com/rails/active_storage/representations/redirect/eyJfcmFpbHMiOnsiZGF0YSI6MzI5ODcsInB1ciI6ImJsb2JfaWQifX0=--2854d40a26ac9bfb97cfc2f51456b7704eb70caa/eyJfcmFpbHMiOnsiZGF0YSI6eyJmb3JtYXQiOiJqcGciLCJyZXNpemUiOiI1MTJ4NTEyXHUwMDNlIn0sInB1ciI6InZhcmlhdGlvbiJ9fQ==--0ba8b7f58340100b312280e63751a8a851d1f9fb/gen25-mil-LISBON-INTERNATIONAL-MUSIC-NETWORK.jpg","Music","","","approved","visitlisboa","en/events/mil-lisbon-international-music-network23","https://www.visitlisboa.com/en/events","646a1dea981dea08f9700759756ad1d2eb60fe6c","","","","","","","","","","","","","","","","","missing_starts_at"
"modalisboa-lisboa-fashion-week-oct","modalisboa-lisboa-fashion-week-26","ModaLisboa - Lisboa Fashion Week'26","","","","","Lisbon","https://www.visitlisboa.com/en/events","https://www.visitlisboa.com/rails/active_storage/representations/redirect/eyJfcmFpbHMiOnsiZGF0YSI6MzIzMjEsInB1ciI6ImJsb2JfaWQifX0=--f876a8b2fc62c9798ad12a4856c81e93b68d6347/eyJfcmFpbHMiOnsiZGF0YSI6eyJmb3JtYXQiOiJqcGciLCJyZXNpemUiOiI1MTJ4NTEyXHUwMDNlIn0sInB1ciI6InZhcmlhdGlvbiJ9fQ==--0ba8b7f58340100b312280e63751a8a851d1f9fb/GEN25-Moda-Lisboa-Lisboa-Fashion-Week.jpg","Main Events","","Free Entry","approved","visitlisboa","en/events/modalisboa-lisboa-fashion-week-oct","https://www.visitlisboa.com/en/events","692b9f1c822bee1536e6885a3109c598a2f18ec4","","","","","","","","","","","","","","","","","missing_starts_at"
"amadora-international-comic-festival-2","amadora-international-comic-festival-26","Amadora International Comic Festival'26","","","","","Lisbon","https://www.visitlisboa.com/en/events","https://www.visitlisboa.com/rails/active_storage/representations/redirect/eyJfcmFpbHMiOnsiZGF0YSI6MzI5MTMsInB1ciI6ImJsb2JfaWQifX0=--7861a83c2af15c35c03586ef89690ec654960407/eyJfcmFpbHMiOnsiZGF0YSI6eyJmb3JtYXQiOiJqcGciLCJyZXNpemUiOiI1MTJ4NTEyXHUwMDNlIn0sInB1ciI6InZhcmlhdGlvbiJ9fQ==--0ba8b7f58340100b312280e63751a8a851d1f9fb/GEN-Festival-Amadora-BD.jpg","Festivals","","","approved","visitlisboa","en/events/amadora-international-comic-festival-2","https://www.visitlisboa.com/en/events","ab6c8870f2d9deea33bc383b61b597fe8e780206","","","","","","","","","","","","","","","","","missing_starts_at"
"out-fest","out-fest","Out Fest","","","","","Lisbon","https://www.visitlisboa.com/en/events","https://www.visitlisboa.com/rails/active_storage/representations/redirect/eyJfcmFpbHMiOnsiZGF0YSI6MzI5MjQsInB1ciI6ImJsb2JfaWQifX0=--ea22e68d69cb1d0f7b9e072b97a696f8940e6ef6/eyJfcmFpbHMiOnsiZGF0YSI6eyJmb3JtYXQiOiJqcGciLCJyZXNpemUiOiI1MTJ4NTEyXHUwMDNlIn0sInB1ciI6InZhcmlhdGlvbiJ9fQ==--0ba8b7f58340100b312280e63751a8a851d1f9fb/outfest-vl.jpg","Festivals","","","approved","visitlisboa","en/events/out-fest","https://www.visitlisboa.com/en/events","b7004631ee08978c1c55283bbf034aa9cdb46dc7","","","","","","","","","","","","","","","","","missing_starts_at"
"french-film-festival-2","french-film-festival-26","French Film Festival'26","","","","","Lisbon","https://www.visitlisboa.com/en/events","https://www.visitlisboa.com/rails/active_storage/representations/redirect/eyJfcmFpbHMiOnsiZGF0YSI6MzI5ODIsInB1ciI6ImJsb2JfaWQifX0=--63809cbab7247fbe2974a8962e81b875d1ebbe21/eyJfcmFpbHMiOnsiZGF0YSI6eyJmb3JtYXQiOiJqcGciLCJyZXNpemUiOiI1MTJ4NTEyXHUwMDNlIn0sInB1ciI6InZhcmlhdGlvbiJ9fQ==--0ba8b7f58340100b312280e63751a8a851d1f9fb/GEN25-Festa-do-Cinema-Franc%C3%AAs_vl.jpg","Main Events","","","approved","visitlisboa","en/events/french-film-festival-2","https://www.visitlisboa.com/en/events","8daaed6f0b2209f88c0fb38c4bf1074c5ce59b73","","","","","","","","","","","","","","","","","missing_starts_at"
"festival-big-bang-i","festival-big-bang-26","Festival Big Bang'26","","","","","Lisbon","https://www.visitlisboa.com/en/events","https://www.visitlisboa.com/rails/active_storage/representations/redirect/eyJfcmFpbHMiOnsiZGF0YSI6NzIyMSwicHVyIjoiYmxvYl9pZCJ9fQ==--2e382d989b8f476bb80b2c9e951d7e917c0acba1/eyJfcmFpbHMiOnsiZGF0YSI6eyJmb3JtYXQiOiJqcGciLCJyZXNpemUiOiI1MTJ4NTEyXHUwMDNlIn0sInB1ciI6InZhcmlhdGlvbiJ9fQ==--0ba8b7f58340100b312280e63751a8a851d1f9fb/BIG-BANG-LX19_2.jpg","Main Events","","From €2.5","approved","visitlisboa","en/events/festival-big-bang-I","https://www.visitlisboa.com/en/events","89a336d434630524a2aaeeab709dba68d8732008","","","","","","","","","","","","","","","","","missing_starts_at"
"apa-s-autumn-fair-art-and-antiques","apa-s-autumn-fair-art-and-antiques","APA's Autumn Fair - Art and Antiques","","","","","Lisbon","https://www.visitlisboa.com/en/events","https://www.visitlisboa.com/rails/active_storage/representations/redirect/eyJfcmFpbHMiOnsiZGF0YSI6MzM2NjgsInB1ciI6ImJsb2JfaWQifX0=--1794b78d548285c8ad3fe6ae24a0cfdde2d53e0d/eyJfcmFpbHMiOnsiZGF0YSI6eyJmb3JtYXQiOiJqcGciLCJyZXNpemUiOiI1MTJ4NTEyXHUwMDNlIn0sInB1ciI6InZhcmlhdGlvbiJ9fQ==--0ba8b7f58340100b312280e63751a8a851d1f9fb/GEN25_APA.jpg","Fairs","","","approved","visitlisboa","en/events/apa-s-autumn-fair-art-and-antiques","https://www.visitlisboa.com/en/events","ad075d9ca0f356dc9b2195bdc7cca7f78022c54a","","","","","","","","","","","","","","","","","missing_starts_at"
"misty-fest-2","misty-fest-26","Misty Fest'26","","","","","Lisbon","https://www.visitlisboa.com/en/events","https://www.visitlisboa.com/rails/active_storage/representations/redirect/eyJfcmFpbHMiOnsiZGF0YSI6MzM5ODgsInB1ciI6ImJsb2JfaWQifX0=--b430372f9d66e53959fc9127210a9f78b3fa04be/eyJfcmFpbHMiOnsiZGF0YSI6eyJmb3JtYXQiOiJqcGciLCJyZXNpemUiOiI1MTJ4NTEyXHUwMDNlIn0sInB1ciI6InZhcmlhdGlvbiJ9fQ==--0ba8b7f58340100b312280e63751a8a851d1f9fb/misty_GEN25.jpg","Main Events","","","approved","visitlisboa","en/events/misty-fest-2","https://www.visitlisboa.com/en/events","65e1fe3a6dae7a7a5ec052c325aa6306550871f5","","","","","","","","","","","","","","","","","missing_starts_at"
"alkantara-festival-2","alkantara-festival-26","Alkantara Festival'26","","","","","Lisbon","https://www.visitlisboa.com/en/events","https://www.visitlisboa.com/rails/active_storage/representations/redirect/eyJfcmFpbHMiOnsiZGF0YSI6MzM5ODksInB1ciI6ImJsb2JfaWQifX0=--5fd970e5625219b8ebe721797d10431b12fd60ef/eyJfcmFpbHMiOnsiZGF0YSI6eyJmb3JtYXQiOiJqcGciLCJyZXNpemUiOiI1MTJ4NTEyXHUwMDNlIn0sInB1ciI6InZhcmlhdGlvbiJ9fQ==--0ba8b7f58340100b312280e63751a8a851d1f9fb/2025-alkantara-festival.jpg","Main Events","","","approved","visitlisboa","en/events/alkantara-festival-2","https://www.visitlisboa.com/en/events","0b1fad2c349222fc321b009892595f5cc9171ef7","","","","","","","","","","","","","","","","","missing_starts_at"
"lisbon-half-marathon-2","lisbon-half-marathon-27","Lisbon Half Marathon'27","","","","","Lisbon","https://www.visitlisboa.com/en/events","https://www.visitlisboa.com/rails/active_storage/representations/redirect/eyJfcmFpbHMiOnsiZGF0YSI6NDczNiwicHVyIjoiYmxvYl9pZCJ9fQ==--a568fbc8651711ac47cbb4f47b9197dd530acd88/eyJfcmFpbHMiOnsiZGF0YSI6eyJmb3JtYXQiOiJqcGciLCJyZXNpemUiOiI1MTJ4NTEyXHUwMDNlIn0sInB1ciI6InZhcmlhdGlvbiJ9fQ==--0ba8b7f58340100b312280e63751a8a851d1f9fb/lisbon-half-marathon-19-cover.jpg","Main Events","","","approved","visitlisboa","en/events/lisbon-half-marathon-2","https://www.visitlisboa.com/en/events","ee8afffddfdb18ca5cee7ee29416a741a715f6df","","","","","","","","","","","","","","","","","missing_starts_at"
"monstra-lisboa-animation-film-festival","monstra-lisboa-animation-film-festival-27","Monstra - Lisboa Animation Film Festival'27","","","","","Lisbon","https://www.visitlisboa.com/en/events","https://www.visitlisboa.com/rails/active_storage/representations/redirect/eyJfcmFpbHMiOnsiZGF0YSI6MTQyMjcsInB1ciI6ImJsb2JfaWQifX0=--a416a49f8b0cb17794c1c865d31bac76d6db25c1/eyJfcmFpbHMiOnsiZGF0YSI6eyJmb3JtYXQiOiJqcGciLCJyZXNpemUiOiI1MTJ4NTEyXHUwMDNlIn0sInB1ciI6InZhcmlhdGlvbiJ9fQ==--0ba8b7f58340100b312280e63751a8a851d1f9fb/monstra-festival-de-animacao-de-lisboa.jpg","Main Events","","","approved","visitlisboa","en/events/monstra-lisboa-animation-film-festival_","https://www.visitlisboa.com/en/events","348da18c4ca1db3db724d5f4886d3b1e8b5cf9db","","","","","","","","","","","","","","","","","missing_starts_at"
"futuralia","futuralia","Futurália","","","","","Lisbon","https://www.visitlisboa.com/en/events","https://www.visitlisboa.com/rails/active_storage/representations/redirect/eyJfcmFpbHMiOnsiZGF0YSI6MzY1NDcsInB1ciI6ImJsb2JfaWQifX0=--6103aba0cc4d2445a1fd69da15db5839ac00ecde/eyJfcmFpbHMiOnsiZGF0YSI6eyJmb3JtYXQiOiJqcGciLCJyZXNpemUiOiI1MTJ4NTEyXHUwMDNlIn0sInB1ciI6InZhcmlhdGlvbiJ9fQ==--0ba8b7f58340100b312280e63751a8a851d1f9fb/GEN-futuralia.jpg","Fairs","","","approved","visitlisboa","en/events/futuralia-","https://www.visitlisboa.com/en/events","cfec229c6d997d436a7ea602417d46c3ab9ec263","","","","","","","","","","","","","","","","","missing_starts_at"
"italian-film-festival","italian-film-festival-27","Italian Film Festival'27","","","","","Lisbon","https://www.visitlisboa.com/en/events","https://www.visitlisboa.com/rails/active_storage/representations/redirect/eyJfcmFpbHMiOnsiZGF0YSI6MzcxNTMsInB1ciI6ImJsb2JfaWQifX0=--c38fb142231e08cf59998a29a4fcf909a6e5a226/eyJfcmFpbHMiOnsiZGF0YSI6eyJmb3JtYXQiOiJqcGciLCJyZXNpemUiOiI1MTJ4NTEyXHUwMDNlIn0sInB1ciI6InZhcmlhdGlvbiJ9fQ==--0ba8b7f58340100b312280e63751a8a851d1f9fb/2026-festa-do-cinema-italiano.jpg","Main Events","","","approved","visitlisboa","en/events/italian-film-festival_","https://www.visitlisboa.com/en/events","3eba1f922d2815517b543d14a3554eef0ebc2c6a","","","","","","","","","","","","","","","","","missing_starts_at"