"source","source_id","original_title","resolved_title","starts_at","start_time","ends_at","end_time","venue_name","location_name","address","city","price","currency","image_url","canonical_url","ticket_url","source_notes","query_title","chosen_url","enrich_ok","needs_review","candidate_score","candidate_strong_signals","candidate_reasons"
"visitlisboa","en/events/festival-criasons_","Festival CriaSons","Festival Criasons","2026-01-10","","2026-03-28","","Vários locais (Biblioteca Camões, Biblioteca de Alcântara - José Dias Coelho, Biblioteca de Marvila, Casa do Jardim da Estrela - Um Teatro em Cada Bairro)","Vários locais (Biblioteca Camões, Biblioteca de Alcântara - José Dias Coelho, Biblioteca de Marvila, Casa do Jardim da Estrela - Um Teatro em Cada Bairro)","","Lisbon","Gratuito","","https://www.agendalx.pt/content/uploads/2025/12/Foto-de-Patricia-Santos-Pinto-I-1-1600x1067-1.jpg","https://www.agendalx.pt/events/event/festival-criasons-3/","","Multiple venues; free entry; dates from 10 Jan to 28 Mar 2026","Festival CriaSons","https://www.agendalx.pt/events/event/festival-criasons-3/","true","true","12","3","has_title | title_event_pattern:/\bfestival\b/i | good_category | source_visitlisboa | good_host | already_has_start_date"
"visitlisboa","en/events/benfica-handicrafts-market","Benfica Handicrafts Market","Benfica Handicrafts Market","2026-04-11","","2026-04-11","","","","","Lisbon","Free Entry","","https://www.visitlisboa.com/rails/active_storage/representations/redirect/eyJfcmFpbHMiOnsiZGF0YSI6MjY1NTMsInB1ciI6ImJsb2JfaWQifX0=--57d5b1e990a1587bcd63f2426ec3a6829cb4eb15/eyJfcmFpbHMiOnsiZGF0YSI6eyJmb3JtYXQiOiJqcGciLCJyZXNpemUiOiI1MTJ4NTEyXHUwMDNlIn0sInB1ciI6InZhcmlhdGlvbiJ9fQ==--0ba8b7f58340100b312280e63751a8a851d1f9fb/Feita-de-Artesanato-de-Benfica_25.jpg","https://www.visitlisboa.com/en/events","","","Benfica Handicrafts Market","","false","true","10","2","has_title | title_event_pattern:/\bmarket\b/i | source_visitlisboa | good_host | already_has_start_date"
"visitlisboa","en/events/inart-community-arts-festival","InArt – Community Arts Festival","InArt – Community Arts Festival","2024-06-06","","2024-06-28","","","","","Lisbon","","","https://www.dgartes.gov.pt/sites/default/files/InArt%202025_Cartaz.jpg","https://www.dgartes.gov.pt/pt/evento/8630","https://www.bol.pt/Comprar/Bilhetes/157367-forme_s_de_vie_de_cie_shonen_festival_inart_tm_acolhimento-teatro_meridional/","Multiple venues and dates: Teatro Meridional (6-7 June), Teatro do Bairro (25-28 June); see description for details.","InArt – Community Arts Festival","https://www.dgartes.gov.pt/pt/evento/8630","true","true","10","2","has_title | title_event_pattern:/\bfestival\b/i | source_visitlisboa | good_host | already_has_start_date"
"visitlisboa","en/events/power-and-glory","Power and Glory","Power and Glory","2025-09-14","","2026-06-14","","","","","Lisbon","","","https://www.visitlisboa.com/rails/active_storage/representations/redirect/eyJfcmFpbHMiOnsiZGF0YSI6MzYwMzQsInB1ciI6ImJsb2JfaWQifX0=--1b071042ad46db5460d6170830fa696b8b2caad5/eyJfcmFpbHMiOnsiZGF0YSI6eyJmb3JtYXQiOiJqcGciLCJyZXNpemUiOiI1MTJ4NTEyXHUwMDNlIn0sInB1ciI6InZhcmlhdGlvbiJ9fQ==--0ba8b7f58340100b312280e63751a8a851d1f9fb/2026-visit-O-Poder-e-a-Gloria_Ensaios.jpg","https://www.visitlisboa.com/en/events","","","Power and Glory","","false","true","8","2","has_title | good_category | source_visitlisboa | good_host | already_has_start_date"
"visitlisboa","en/events/hercules-the-heroic-musical","Hercules - The Heroic Musical","Hercules - The Heroic Musical","2025-10-17","","2026-04-30","","","","","Lisbon","From €7.5","","https://www.visitlisboa.com/rails/active_storage/representations/redirect/eyJfcmFpbHMiOnsiZGF0YSI6MzY0NDMsInB1ciI6ImJsb2JfaWQifX0=--a559fe8cf06589d938eb6d9783e6da77e3fd7b42/eyJfcmFpbHMiOnsiZGF0YSI6eyJmb3JtYXQiOiJqcGciLCJyZXNpemUiOiI1MTJ4NTEyXHUwMDNlIn0sInB1ciI6InZhcmlhdGlvbiJ9fQ==--0ba8b7f58340100b312280e63751a8a851d1f9fb/lf2222222.jpg","https://www.visitlisboa.com/en/events","","","Hercules - The Heroic Musical","","false","true","12","3","has_title | title_event_pattern:/\bmusical\b/i | good_category | source_visitlisboa | good_host | already_has_start_date"
"visitlisboa","en/events/once-upon-a-time","Once upon a time...","Once upon a time...","2025-11-02","","2026-06-30","","","","","Lisbon","From €14 to €17","","https://www.visitlisboa.com/rails/active_storage/representations/redirect/eyJfcmFpbHMiOnsiZGF0YSI6MzQwNTQsInB1ciI6ImJsb2JfaWQifX0=--05f0580db8a19f78212cf07c6d8fe889acaac500/eyJfcmFpbHMiOnsiZGF0YSI6eyJmb3JtYXQiOiJqcGciLCJyZXNpemUiOiI1MTJ4NTEyXHUwMDNlIn0sInB1ciI6InZhcmlhdGlvbiJ9fQ==--0ba8b7f58340100b312280e63751a8a851d1f9fb/turismo-lisboa_1400x1087px_eraumavez.jpg","https://www.visitlisboa.com/en/events","","","Once upon a time...","","false","true","8","2","has_title | good_category | source_visitlisboa | good_host | already_has_start_date"
"visitlisboa","en/events/fado-in-chiado","Fado in Chiado","Fado in Chiado","2026-03-16","","2026-03-16","","","","","Lisbon","","","https://www.visitlisboa.com/rails/active_storage/representations/redirect/eyJfcmFpbHMiOnsiZGF0YSI6MzU1MjUsInB1ciI6ImJsb2JfaWQifX0=--b152ded3a5402e3278612905175d023731633d80/eyJfcmFpbHMiOnsiZGF0YSI6eyJmb3JtYXQiOiJqcGciLCJyZXNpemUiOiI1MTJ4NTEyXHUwMDNlIn0sInB1ciI6InZhcmlhdGlvbiJ9fQ==--0ba8b7f58340100b312280e63751a8a851d1f9fb/visit-lisboa-fado-in-chiado-1.jpg","https://www.visitlisboa.com/en/events","","","Fado in Chiado","","false","true","8","2","has_title | good_category | source_visitlisboa | good_host | already_has_start_date"
"visitlisboa","en/events/centenary-exhibition-of-julio-pomar","Centenary exhibition of Júlio Pomar","Centenary exhibition of Júlio Pomar","2026-01-10","10:00","2026-06-13","19:00","CAMB - Centro de Arte Manuel de Brito","CAMB - Centro de Arte Manuel de Brito","Campo Grande 113A, Lisboa, 1700-089","Lisbon","Free Entry","","https://www.visitlisboa.com/rails/active_storage/blobs/redirect/eyJfcmFpbHMiOnsiZGF0YSI6MzYwMDcsInB1ciI6ImJsb2JfaWQifX0=--d23188ebef50a1eef77a2dddfc95345c81b69dad/2026-visit-lisboa-Julio-Pomar-Mojiganga-segundo-Goya-1963-oleo-sobre-tela-162-x-130-cm-scaled.jpg","https://www.visitlisboa.com/en/events/centenary-exhibition-of-julio-pomar","","Exhibition event page; hours are Monday to Saturday, 10:00-13:00 and 14:00-19:00","Centenary exhibition of Júlio Pomar","https://www.visitlisboa.com/en/events/centenary-exhibition-of-julio-pomar","true","true","10","2","has_title | title_event_pattern:/\bexhibition\b/i | source_visitlisboa | good_host | already_has_start_date"
"visitlisboa","en/events/jardim-aberto-open-garden","Jardim Aberto (Open garden)","Jardim Aberto (Open garden)","2026-04-13","","2026-04-13","","","","","Lisbon","Free Entry","","https://www.visitlisboa.com/rails/active_storage/representations/redirect/eyJfcmFpbHMiOnsiZGF0YSI6MzU4MjgsInB1ciI6ImJsb2JfaWQifX0=--412fcb391fccfa3f3da0676c6b0f4e081587e68c/eyJfcmFpbHMiOnsiZGF0YSI6eyJmb3JtYXQiOiJqcGciLCJyZXNpemUiOiI1MTJ4NTEyXHUwMDNlIn0sInB1ciI6InZhcmlhdGlvbiJ9fQ==--0ba8b7f58340100b312280e63751a8a851d1f9fb/visit-lisboa-jardim-aberto-open-garden.jpg","https://www.visitlisboa.com/en/events","","","Jardim Aberto (Open garden)","","false","true","8","2","has_title | good_category | source_visitlisboa | good_host | already_has_start_date"
"visitlisboa","en/events/1st-exhibition-cycle","1st Exhibition Cycle","1st Exhibition Cycle","2026-02-10","","2026-05-10","","Arpad Szenes - Vieira da Silva Foundation","Arpad Szenes - Vieira da Silva Foundation","Praça das Amoreiras, 56, 1250-020, Lisboa","Lisbon","","","https://www.visitlisboa.com/rails/active_storage/representations/redirect/eyJfcmFpbHMiOnsiZGF0YSI6MzYwNDgsInB1ciI6ImJsb2JfaWQifX0=--313c3b10fe53b87fc66e63bff1bcab8503d09170/eyJfcmFpbHMiOnsiZGF0YSI6eyJmb3JtYXQiOiJqcGciLCJyZXNpemUiOiIxMjAweDEyMDBcdTAwM2UifSwicHVyIjoidmFyaWF0aW9uIn19--19d67177a9879edd8f885ce80c29da2d57a5e00e/2026-visit-lisboa-arpad.jpg","https://www.visitlisboa.com/en/events/1st-exhibition-cycle","https://fasvs.pt/visitar-museu/","","1st Exhibition Cycle","https://www.visitlisboa.com/en/events/1st-exhibition-cycle","true","true","10","2","has_title | title_event_pattern:/\bexhibition\b/i | source_visitlisboa | good_host | already_has_start_date"
"visitlisboa","en/events/guided-tour-to-the-aguas-livres-aqueduct","Guided tour to the Águas Livres Aqueduct","Guided tour to the Águas Livres Aqueduct","2026-03-22","","2026-03-22","","","","","Lisbon","From €6","","https://www.visitlisboa.com/rails/active_storage/representations/redirect/eyJfcmFpbHMiOnsiZGF0YSI6MTIwNTEsInB1ciI6ImJsb2JfaWQifX0=--69d4dfca0191f9391ab295955304beffb693a8bd/eyJfcmFpbHMiOnsiZGF0YSI6eyJmb3JtYXQiOiJqcGciLCJyZXNpemUiOiI1MTJ4NTEyXHUwMDNlIn0sInB1ciI6InZhcmlhdGlvbiJ9fQ==--0ba8b7f58340100b312280e63751a8a851d1f9fb/AQ.jpg","https://www.visitlisboa.com/en/events","","","Guided tour to the Águas Livres Aqueduct","","false","true","10","2","has_title | title_event_pattern:/\btour\b/i | source_visitlisboa | good_host | already_has_start_date"
"visitlisboa","en/events/march-shad-month","March | Shad Month","March | Shad Month","2026-03-01","","2026-03-31","","","","","Lisbon","","","https://www.visitlisboa.com/rails/active_storage/representations/redirect/eyJfcmFpbHMiOnsiZGF0YSI6MjUzODgsInB1ciI6ImJsb2JfaWQifX0=--26897a75a6b4dce8eecbce896eae9dc739915e13/eyJfcmFpbHMiOnsiZGF0YSI6eyJmb3JtYXQiOiJqcGciLCJyZXNpemUiOiI1MTJ4NTEyXHUwMDNlIn0sInB1ciI6InZhcmlhdGlvbiJ9fQ==--0ba8b7f58340100b312280e63751a8a851d1f9fb/2025-savel-vila-franca-de-xira.jpg","https://www.visitlisboa.com/en/events","","","March | Shad Month","","false","true","9","2","has_title | date_signal:/\b(?:january|february|march|april|may|june|july|august|september|october|november|december)\b/i | source_visitlisboa | good_host | already_has_start_date"
"visitlisboa","en/events/lx-market","Lx Market","Lx Market","2026-03-22","","2026-03-22","","","","","Lisbon","Free Entry","","https://www.visitlisboa.com/rails/active_storage/representations/redirect/eyJfcmFpbHMiOnsiZGF0YSI6MjY2MTAsInB1ciI6ImJsb2JfaWQifX0=--8d7c634691a0517f141c166d3c069ba16a558d32/eyJfcmFpbHMiOnsiZGF0YSI6eyJmb3JtYXQiOiJqcGciLCJyZXNpemUiOiI1MTJ4NTEyXHUwMDNlIn0sInB1ciI6InZhcmlhdGlvbiJ9fQ==--0ba8b7f58340100b312280e63751a8a851d1f9fb/LX-Market-2025.jpg","https://www.visitlisboa.com/en/events","","","Lx Market","","false","true","10","2","has_title | title_event_pattern:/\bmarket\b/i | source_visitlisboa | good_host | already_has_start_date"
"visitlisboa","en/events/feira-da-ladra-flea-market","Feira da Ladra (Flea Market)","Feira da Ladra (Flea Market)","2026-03-17","","2026-03-17","","","","","Lisbon","Free Entry","","https://www.visitlisboa.com/rails/active_storage/representations/redirect/eyJfcmFpbHMiOnsiZGF0YSI6MzExMzEsInB1ciI6ImJsb2JfaWQifX0=--2b610dfa2a828035c0fe16e6598cb880f792495d/eyJfcmFpbHMiOnsiZGF0YSI6eyJmb3JtYXQiOiJqcGciLCJyZXNpemUiOiI1MTJ4NTEyXHUwMDNlIn0sInB1ciI6InZhcmlhdGlvbiJ9fQ==--0ba8b7f58340100b312280e63751a8a851d1f9fb/400474_25_1_feira_da_ladra.jpg","https://www.visitlisboa.com/en/events","","","Feira da Ladra (Flea Market)","","false","true","10","2","has_title | title_event_pattern:/\bmarket\b/i | source_visitlisboa | good_host | already_has_start_date"
"visitlisboa","en/events/agrobio-organic-market","Agrobio Organic Market","Agrobio Organic Market","2026-03-21","","2026-03-21","","","","","Lisbon","Free Entry","","https://www.visitlisboa.com/rails/active_storage/representations/redirect/eyJfcmFpbHMiOnsiZGF0YSI6ODYwMiwicHVyIjoiYmxvYl9pZCJ9fQ==--9ca388ea6f4a3ff129e223cfeac59e34328d39f3/eyJfcmFpbHMiOnsiZGF0YSI6eyJmb3JtYXQiOiJqcGciLCJyZXNpemUiOiI1MTJ4NTEyXHUwMDNlIn0sInB1ciI6InZhcmlhdGlvbiJ9fQ==--0ba8b7f58340100b312280e63751a8a851d1f9fb/AGROBIO.jpg","https://www.visitlisboa.com/en/events","","","Agrobio Organic Market","","false","true","10","2","has_title | title_event_pattern:/\bmarket\b/i | source_visitlisboa | good_host | already_has_start_date"
"visitlisboa","en/events/monstra-lisboa-animation-film-festival-2","Monstra - Lisboa Animation Film Festival'26","Monstra - Lisboa Animation Film Festival 2026","2026-03-12","","2026-03-22","","","","","Lisbon","","","https://www.monstrafestival.com/wp-content/uploads/2026/03/10_conf-de-imprensa_MOnsTra-2026_Lisboa_%C2%A9brunosimao_-scaled.jpg","https://www.monstrafestival.com/en/news/the-ticket-offices-for-monstra-2026-are-officially-open/","https://www.monstrafestival.com/en/tickets/","Dates and ticket link confirmed from official festival news post.","Monstra - Lisboa Animation Film Festival'26","https://www.monstrafestival.com/en/news/the-ticket-offices-for-monstra-2026-are-officially-open/","true","true","10","2","has_title | title_event_pattern:/\bfestival\b/i | source_visitlisboa | good_host | already_has_start_date"
"visitlisboa","en/events/kysha-mine-lance-de-escola-das-aulas-ao-verao","Kysha & Mine: Lance de Escola – Das aulas ao verão","Kysha & Mine: Lance de Escola – Das aulas ao verão","2026-03-15","","2026-03-15","","","","","Lisbon","From €40","","https://www.visitlisboa.com/rails/active_storage/representations/redirect/eyJfcmFpbHMiOnsiZGF0YSI6MzU0MzgsInB1ciI6ImJsb2JfaWQifX0=--b748074cae05d5897143002de6123a3530b25714/eyJfcmFpbHMiOnsiZGF0YSI6eyJmb3JtYXQiOiJqcGciLCJyZXNpemUiOiI1MTJ4NTEyXHUwMDNlIn0sInB1ciI6InZhcmlhdGlvbiJ9fQ==--0ba8b7f58340100b312280e63751a8a851d1f9fb/FORM-Eventos_PT25_Visitlx_Kysha-&-Mine.jpg","https://www.visitlisboa.com/en/events","","","Kysha & Mine: Lance de Escola – Das aulas ao verão","","false","true","8","2","has_title | good_category | source_visitlisboa | good_host | already_has_start_date"
"visitlisboa","en/events/concerto-delle-donne","Concerto delle donne","Concerto delle donne","2026-03-17","","","","","","","Lisbon","From €15","","https://www.visitlisboa.com/rails/active_storage/representations/redirect/eyJfcmFpbHMiOnsiZGF0YSI6MzU4ODksInB1ciI6ImJsb2JfaWQifX0=--789eb8136fa8068b0a8c61105587cbc33b85b60b/eyJfcmFpbHMiOnsiZGF0YSI6eyJmb3JtYXQiOiJqcGciLCJyZXNpemUiOiI1MTJ4NTEyXHUwMDNlIn0sInB1ciI6InZhcmlhdGlvbiJ9fQ==--0ba8b7f58340100b312280e63751a8a851d1f9fb/visit-lisboa-concerto-delle-donne.jpg","https://www.visitlisboa.com/en/events","","","Concerto delle donne","","false","true","12","3","has_title | title_event_pattern:/\bconcerto\b/i | good_category | source_visitlisboa | good_host | already_has_start_date"
"visitlisboa","en/events/all-birds","All Birds","All Birds","2026-03-18","","2026-03-29","","","","","Lisbon","From €12 to €15","","https://www.visitlisboa.com/rails/active_storage/representations/redirect/eyJfcmFpbHMiOnsiZGF0YSI6MzU4NTcsInB1ciI6ImJsb2JfaWQifX0=--eaf8281857dd0c5126a3f3340e357eef979a27bf/eyJfcmFpbHMiOnsiZGF0YSI6eyJmb3JtYXQiOiJqcGciLCJyZXNpemUiOiI1MTJ4NTEyXHUwMDNlIn0sInB1ciI6InZhcmlhdGlvbiJ9fQ==--0ba8b7f58340100b312280e63751a8a851d1f9fb/visit-lisboa-todos-passaros.jpg","https://www.visitlisboa.com/en/events","","","All Birds","","false","true","8","2","has_title | good_category | source_visitlisboa | good_host | already_has_start_date"
"visitlisboa","en/events/poetry-book-fair","Poetry Book Fair","Lisbon Book Fair","2025-06-10","","2025-06-21","","Eduardo VII Park","Eduardo VII Park","","Lisbon","Free admission","","https://egeac.pt/wp-content/uploads/2025/05/491759788-1101365578694961-1635915428323539044-n-e1747245098129-1024x576.jpg","https://egeac.pt/evento/lisbon-book-fair/","","Official event page; includes poetry workshops and readings as part of the fair.","Poetry Book Fair","https://egeac.pt/evento/lisbon-book-fair/","true","true","10","2","has_title | title_event_pattern:/\bfair\b/i | source_visitlisboa | good_host | already_has_start_date"
"visitlisboa","en/events/suede-26","Suede","Suede","2026-03-20","20:00","","","Sagres Campo Pequeno","Sagres Campo Pequeno","","Lisbon","32€ - 50€","EUR","https://everythingisnew.pt/wp-content/uploads/Suede_2026_SITE.jpg","https://everythingisnew.pt/suede-lisboa-2026/","https://ticketline.sapo.pt/pt/evento/suede-dancing-with-the-europeans-tour-96806","","Suede","https://everythingisnew.pt/suede-lisboa-2026/","true","true","8","2","has_title | good_category | source_visitlisboa | good_host | already_has_start_date"
"visitlisboa","en/events/festival-internacional-do-ourico-do-mar","Festival Internacional do Ouriço do Mar","7.º Festival Internacional do Ouriço-do-Mar","2023-03-10","12:00","2023-03-19","19:00","Mercado Municipal da Ericeira","Mercado Municipal da Ericeira","","Ericeira","","","https://www.e-cultura.pt/images/user/image16781178089162.jpg","https://www.e-cultura.pt/evento/31112","","Event takes place in Ericeira, not Lisbon; dates and venue from event description.","Festival Internacional do Ouriço do Mar","https://www.e-cultura.pt/evento/31112","true","true","13","3","has_title | title_event_pattern:/\bfestival\b/i | date_signal:/\b(?:jan|feb|mar|apr|may|jun|jul|aug|sep|sept|oct|nov|dec)\b/i | source_visitlisboa | good_host | already_has_start_date"
"visitlisboa","en/events/revenge-of-the-90-s","Revenge of the 90's","Revenge of the 90's","2026-03-21","","","","","","","Lisbon","From €30","","https://www.visitlisboa.com/rails/active_storage/representations/redirect/eyJfcmFpbHMiOnsiZGF0YSI6MzYxNDEsInB1ciI6ImJsb2JfaWQifX0=--8b11c69cbd511c8be72f95e12af834a31ba04040/eyJfcmFpbHMiOnsiZGF0YSI6eyJmb3JtYXQiOiJqcGciLCJyZXNpemUiOiI1MTJ4NTEyXHUwMDNlIn0sInB1ciI6InZhcmlhdGlvbiJ9fQ==--0ba8b7f58340100b312280e63751a8a851d1f9fb/rev.jpg","https://www.visitlisboa.com/en/events","","","Revenge of the 90's","","false","true","8","2","has_title | good_category | source_visitlisboa | good_host | already_has_start_date"
"visitlisboa","en/events/colours-market-at-santa-clara-market","Colours Market at Santa Clara Market","Colours Market at Santa Clara Market","2026-03-21","","2026-03-22","","Mercado de Santa Clara","Mercado de Santa Clara","Campo de Santa Clara, Lisboa, 1100-472","Lisbon","Free Entry","","https://www.visitlisboa.com/rails/active_storage/blobs/redirect/eyJfcmFpbHMiOnsiZGF0YSI6MjY1NTksInB1ciI6ImJsb2JfaWQifX0=--44baf5460714e7fb7e3198cc917e084f349093b4/Mercardo-das-Cores_Santa-Clara_25.jpg","https://www.visitlisboa.com/en/events/colours-market-at-santa-clara-market","","","Colours Market at Santa Clara Market","https://www.visitlisboa.com/en/events/colours-market-at-santa-clara-market","true","true","10","2","has_title | title_event_pattern:/\bmarket\b/i | source_visitlisboa | good_host | already_has_start_date"
"visitlisboa","en/events/largo-da-graca-market","Largo da Graça Market","Largo da Graça Market","2026-03-22","","","","","","","Lisbon","Free Entry","","https://www.visitlisboa.com/rails/active_storage/representations/redirect/eyJfcmFpbHMiOnsiZGF0YSI6Mjc1ODUsInB1ciI6ImJsb2JfaWQifX0=--8c104ce0aa6f53b7b98a7740b4d19b11a74927f1/eyJfcmFpbHMiOnsiZGF0YSI6eyJmb3JtYXQiOiJqcGciLCJyZXNpemUiOiI1MTJ4NTEyXHUwMDNlIn0sInB1ciI6InZhcmlhdGlvbiJ9fQ==--0ba8b7f58340100b312280e63751a8a851d1f9fb/Feira-da-Gra%C3%A7a-vl.jpg","https://www.visitlisboa.com/en/events","","","Largo da Graça Market","","false","true","10","2","has_title | title_event_pattern:/\bmarket\b/i | source_visitlisboa | good_host | already_has_start_date"